Tal sequence 1,GAACCAATACTTCTTCTTGATAGAGGAA
NH,NI,NI,HD,HD,NI,NI,NG,NI,HD,NG,NG,HD,NG,NG,HD,NG,NG,NH,NI,NG,NI,NH,NI,NH,NH,NI,NI
NH,NI,NI,HD,HD,NI,pFUS_A4A,Water
=150/$B$32,=150/$B$23,=150/$B$24,=150/$B$15,=150/$B$16,=150/$B$27,=150/$B$68,"=14-SUM(INDIRECT(ADDRESS(ROW(), COLUMN()-7) & "":"" & ADDRESS(ROW(), COLUMN()-1)))"
NI,NG,NI,HD,NG,NG,pFUS_A4B,Water
=150/$B$22,=150/$B$3,=150/$B$24,=150/$B$15,=150/$B$6,=150/$B$7,=150/$B$69,"=14-SUM(INDIRECT(ADDRESS(ROW(), COLUMN()-7) & "":"" & ADDRESS(ROW(), COLUMN()-1)))"
HD,NG,NG,HD,NG,NG,pFUS_A3B,Water
=150/$B$12,=150/$B$3,=150/$B$4,=150/$B$15,=150/$B$6,=150/$B$7,=150/$B$67,"=14-SUM(INDIRECT(ADDRESS(ROW(), COLUMN()-7) & "":"" & ADDRESS(ROW(), COLUMN()-1)))"
NH,NI,NG,NI,NH,NI,pFUS_A2B,Water
=150/$B$32,=150/$B$23,=150/$B$4,=150/$B$25,=150/$B$36,=150/$B$27,=150/$B$65,"=14-SUM(INDIRECT(ADDRESS(ROW(), COLUMN()-7) & "":"" & ADDRESS(ROW(), COLUMN()-1)))"
NH,NH,NI,NI,pFUSB3,,,Water
=150/$B$32,=150/$B$33,=150/$B$24,,=150/$B$44,,,"=14-SUM(INDIRECT(ADDRESS(ROW(), COLUMN()-7) & "":"" & ADDRESS(ROW(), COLUMN()-1)))"
Tal sequence 2
HD,NH,NI,HD,NH,NH,NH,HD,NH,NH,NI,NH,NH,NH,NH,NI,NI,NG,NI,NG,NG,NG,HD,NH,NG,NH,NH
HD,NH,NI,HD,NH,NH,pFUS_A4A,Water
=150/$B$12,=150/$B$33,=150/$B$24,=150/$B$15,=150/$B$36,=150/$B$37,=150/$B$68,"=14-SUM(INDIRECT(ADDRESS(ROW(), COLUMN()-7) & "":"" & ADDRESS(ROW(), COLUMN()-1)))"
NH,HD,NH,NH,NI,NH,pFUS_A4B,Water
=150/$B$32,=150/$B$13,=150/$B$34,=150/$B$35,=150/$B$26,=150/$B$37,=150/$B$69,"=14-SUM(INDIRECT(ADDRESS(ROW(), COLUMN()-7) & "":"" & ADDRESS(ROW(), COLUMN()-1)))"
NH,NH,NH,NI,NI,NG,pFUS_A3B,Water
=150/$B$32,=150/$B$33,=150/$B$34,=150/$B$25,=150/$B$26,=150/$B$7,=150/$B$67,"=14-SUM(INDIRECT(ADDRESS(ROW(), COLUMN()-7) & "":"" & ADDRESS(ROW(), COLUMN()-1)))"
NI,NG,NG,NG,HD,NH,pFUS_A2B,Water
=150/$B$22,=150/$B$3,=150/$B$4,=150/$B$5,=150/$B$16,=150/$B$37,=150/$B$65,"=14-SUM(INDIRECT(ADDRESS(ROW(), COLUMN()-7) & "":"" & ADDRESS(ROW(), COLUMN()-1)))"
NG,NH,NH,pFUSB2,,,,Water
=150/$B$2,=150/$B$33,,=150/$B$43,,,,"=14-SUM(INDIRECT(ADDRESS(ROW(), COLUMN()-7) & "":"" & ADDRESS(ROW(), COLUMN()-1)))"
